Discipline,Competition Code,Competition,City,Type,Event,Event Unit,Date,Rank,SDMS ID,Athlete/Team,NPC,Class,IRM,Time
Swimming;SWAW19;London 2019 World Para Swimming Championships;London;World Championships;Men's 50 m Backstroke S2;Final 1;2019-09-13;1;17385;MAKAROV Alexander;RUS;S2;;00:56.70
Swimming;SWAW19;London 2019 World Para Swimming Championships;London;World Championships;Men's 50 m Backstroke S2;Final 1;2019-09-13;2;3402;CZECH Jacek Marcin;POL;S2;;00:58.82
Swimming;SWAW19;London 2019 World Para Swimming Championships;London;World Championships;Men's 50 m Backstroke S3;Final 1;2019-09-12;1;23453;LOPEZ DIAZ Diego;MEX;S3;;00:44.42
Swimming;SWAW19;London 2019 World Para Swimming Championships;London;World Championships;Men's 50 m Backstroke S3;Final 1;2019-09-12;2;29706;ZOU Liankang;CHN;S3;;00:45.33
Swimming;SWAW19;London 2019 World Para Swimming Championships;London;World Championships;Men's 50 m Backstroke S4;Final 1;2019-09-12;2;3645;PETRACEK Arnost;CZE;S4;;00:43.48
Swimming;SWAW19;London 2019 World Para Swimming Championships;London;World Championships;Men's 50 m Backstroke S4;Final 1;2019-09-12;1;3693;LESLIE Cameron;NZL;S4;;00:42.13
Swimming;SWAW19;London 2019 World Para Swimming Championships;London;World Championships;Men's 50 m Backstroke S5;Final 1;2019-09-14;1;29703;WANG Lichao;CHN;S5;;00:32.59
Swimming;SWAW19;London 2019 World Para Swimming Championships;London;World Championships;Men's 50 m Backstroke S5;Final 1;2019-09-14;2;4438;SEMENENKO Yaroslav;UKR;S5;;00:34.72
Swimming;SWAW19;London 2019 World Para Swimming Championships;London;World Championships;Men's 100 m Backstroke S2;Final 1;2019-09-11;1;17385;MAKAROV Alexander;RUS;S2;;02:00.63
Swimming;SWAW19;London 2019 World Para Swimming Championships;London;World Championships;Men's 100 m Backstroke S2;Final 1;2019-09-11;2;26958;DANILENKO Vladimir;RUS;S2;;02:04.59
Swimming;SWAW19;London 2019 World Para Swimming Championships;London;World Championships;Men's 100 m Backstroke S6;Final 1;2019-09-12;1;7190;SINOVCIC Dino;CRO;S6;;01:15.46
Swimming;SWAW19;London 2019 World Para Swimming Championships;London;World Championships;Men's 100 m Backstroke S6;Final 1;2019-09-12;2;29704;YANG Hong;CHN;S6;;01:15.47
Swimming;SWAW19;London 2019 World Para Swimming Championships;London;World Championships;Men's 100 m Backstroke S7;Final 1;2019-09-12;2;17277;GLADKOV Andrei;RUS;S7;;01:09.60
Swimming;SWAW19;London 2019 World Para Swimming Championships;London;World Championships;Men's 100 m Backstroke S7;Final 1;2019-09-12;1;17226;HRYNENKO Bohdan;UKR;S7;;01:08.92
Swimming;SWAW19;London 2019 World Para Swimming Championships;London;World Championships;Men's 100 m Backstroke S8;Final 1;2019-09-10;2;15325;AUNGLES Jesse Bage;AUS;S8;;01:09.00
Swimming;SWAW19;London 2019 World Para Swimming Championships;London;World Championships;Men's 100 m Backstroke S8;Final 1;2019-09-10;1;18264;GRISWOLD Robert Thomas;USA;S8;;01:03.47
Swimming;SWAW19;London 2019 World Para Swimming Championships;London;World Championships;Men's 100 m Backstroke S9;Final 1;2019-09-10;1;33124;BARLAAM Simone;ITA;S9;;01:01.22
Swimming;SWAW19;London 2019 World Para Swimming Championships;London;World Championships;Men's 100 m Backstroke S9;Final 1;2019-09-10;2;28601;DIDIER Ugo;FRA;S9;;01:01.83
Swimming;SWAW19;London 2019 World Para Swimming Championships;London;World Championships;Men's 100 m Backstroke S10;Final 1;2019-09-14;2;35998;RAIMONDI Stefano;ITA;S10;;01:00.11
Swimming;SWAW19;London 2019 World Para Swimming Championships;London;World Championships;Men's 100 m Backstroke S10;Final 1;2019-09-14;1;30034;KRYPAK Maksym;UKR;S10;;00:58.00
Swimming;SWAW19;London 2019 World Para Swimming Championships;London;World Championships;Men's 100 m Backstroke S11;Final 1;2019-09-10;2;21985;DORSMAN Rogier;NED;S11;;01:09.64
Swimming;SWAW19;London 2019 World Para Swimming Championships;London;World Championships;Men's 100 m Backstroke S11;Final 1;2019-09-10;1;6675;SMYRNOV Viktor;UKR;S11;;01:09.07
Swimming;SWAW19;London 2019 World Para Swimming Championships;London;World Championships;Men's 100 m Backstroke S12;Final 1;2019-09-09;1;19525;DENYSENKO Yaroslav;UKR;S12;;00:59.40
Swimming;SWAW19;London 2019 World Para Swimming Championships;London;World Championships;Men's 100 m Backstroke S12;Final 1;2019-09-09;2;11300;SALEI Raman;AZE;S12;;01:01.00
Swimming;SWAW19;London 2019 World Para Swimming Championships;London;World Championships;Men's 100 m Backstroke S13;Final 1;2019-09-10;2;15207;TURBIDE Nicolas Guy;CAN;S13;;00:59.70
Swimming;SWAW19;London 2019 World Para Swimming Championships;London;World Championships;Men's 100 m Backstroke S13;Final 1;2019-09-10;1;7861;BOKI Ihar;BLR;S13;;00:57.73
Swimming;SWAW19;London 2019 World Para Swimming Championships;London;World Championships;Men's 100 m Backstroke S14;Final 1;2019-09-10;2;32603;CATCHPOLE Jordan;GBR;S14;;01:00.86
Swimming;SWAW19;London 2019 World Para Swimming Championships;London;World Championships;Men's 100 m Backstroke S14;Final 1;2019-09-10;1;26824;EMELIANTSEV Viacheslav;RUS;S14;;00:59.62
Swimming;SWAW19;London 2019 World Para Swimming Championships;London;World Championships;Men's 50 m Breaststroke SB2;Final 1;2019-09-09;2;8331;PATTERSON Grant;AUS;SB2;;01:00.76
Swimming;SWAW19;London 2019 World Para Swimming Championships;London;World Championships;Men's 50 m Breaststroke SB2;Final 1;2019-09-09;1;3520;CASTORENA VELEZ Jose Arnulfo;MEX;SB2;;00:57.24
Swimming;SWAW19;London 2019 World Para Swimming Championships;London;World Championships;Men's 50 m Breaststroke SB3;Final 1;2019-09-15;2;3713;KOMATSU Takayuki;JPN;SB3;;00:48.83
Swimming;SWAW19;London 2019 World Para Swimming Championships;London;World Championships;Men's 50 m Breaststroke SB3;Final 1;2019-09-15;1;4146;MORELLI Efrem;ITA;SB3;;00:47.49
Swimming;SWAW19;London 2019 World Para Swimming Championships;London;World Championships;Men's 100 m Breaststroke SB4;Final 1;2019-09-09;2;3774;FUENTES GARCIA Moises;COL;SB4;;01:37.45
Swimming;SWAW19;London 2019 World Para Swimming Championships;London;World Championships;Men's 100 m Breaststroke SB4;Final 1;2019-09-09;1;22629;CHERNIAEV Dmitrii;RUS;SB4;;01:36.20
Swimming;SWAW19;London 2019 World Para Swimming Championships;London;World Championships;Men's 100 m Breaststroke SB5;Final 1;2019-09-09;2;26718;LI Junsheng;CHN;SB5;;01:28.80
Swimming;SWAW19;London 2019 World Para Swimming Championships;London;World Championships;Men's 100 m Breaststroke SB5;Final 1;2019-09-09;1;19810;GRANICHKA Andrei;RUS;SB5;;01:27.15
Swimming;SWAW19;London 2019 World Para Swimming Championships;London;World Championships;Men's 100 m Breaststroke SB6;Final 1;2019-09-15;2;8935;BOHODAIKO Yevhenii;UKR;SB6;;01:21.25
Swimming;SWAW19;London 2019 World Para Swimming Championships;London;World Championships;Men's 100 m Breaststroke SB6;Final 1;2019-09-15;1;15020;CRISPIN CORZO Nelson;COL;SB6;;01:19.24
Swimming;SWAW19;London 2019 World Para Swimming Championships;London;World Championships;Men's 100 m Breaststroke SB7;Final 1;2019-09-11;2;26434;EFROSININ Egor;RUS;SB7;;01:16.55
Swimming;SWAW19;London 2019 World Para Swimming Championships;London;World Championships;Men's 100 m Breaststroke SB7;Final 1;2019-09-11;1;21432;SERRANO ZARATE Carlos Daniel;COL;SB7;;01:11.31
Swimming;SWAW19;London 2019 World Para Swimming Championships;London;World Championships;Men's 100 m Breaststroke SB8;Final 1;2019-09-15;2;23006;SALGUERO GALISTEO Oscar;ESP;SB8;;01:08.97
Swimming;SWAW19;London 2019 World Para Swimming Championships;London;World Championships;Men's 100 m Breaststroke SB8;Final 1;2019-09-15;1;5617;KALINA Andrei;RUS;SB8;;01:08.84
Swimming;SWAW19;London 2019 World Para Swimming Championships;London;World Championships;Men's 100 m Breaststroke SB9;Final 1;2019-09-14;2;24032;LEROUX James;CAN;SB9;;01:08.56
Swimming;SWAW19;London 2019 World Para Swimming Championships;London;World Championships;Men's 100 m Breaststroke SB9;Final 1;2019-09-14;1;35998;RAIMONDI Stefano;ITA;SB9;;01:05.58
Swimming;SWAW19;London 2019 World Para Swimming Championships;London;World Championships;Men's 100 m Breaststroke SB11;Final 1;2019-09-11;1;6706;YANG Bozun;CHN;SB11;;01:10.73
Swimming;SWAW19;London 2019 World Para Swimming Championships;London;World Championships;Men's 100 m Breaststroke SB11;Final 1;2019-09-11;2;21985;DORSMAN Rogier;NED;SB11;;01:11.47
Swimming;SWAW19;London 2019 World Para Swimming Championships;London;World Championships;Men's 100 m Breaststroke SB12;Final 1;2019-09-12;1;6937;FEDYNA Oleksii;UKR;SB12;;01:04.62
Swimming;SWAW19;London 2019 World Para Swimming Championships;London;World Championships;Men's 100 m Breaststroke SB12;Final 1;2019-09-12;2;6967;IZOTAU Uladzimir;BLR;SB12;;01:05.01
Swimming;SWAW19;London 2019 World Para Swimming Championships;London;World Championships;Men's 100 m Breaststroke SB13;Final 1;2019-09-12;1;26419;ENGEL Taliso;GER;SB13;;01:05.20
Swimming;SWAW19;London 2019 World Para Swimming Championships;London;World Championships;Men's 100 m Breaststroke SB13;Final 1;2019-09-12;2;28825;MUSABEKOV Firdavsbek;UZB;SB13;;01:05.49
Swimming;SWAW19;London 2019 World Para Swimming Championships;London;World Championships;Men's 100 m Breaststroke SB14;Final 1;2019-09-11;1;41361;YAMAGUCHI Naohide;JPN;SB14;;01:04.95
Swimming;SWAW19;London 2019 World Para Swimming Championships;London;World Championships;Men's 100 m Breaststroke SB14;Final 1;2019-09-11;2;15273;QUIN Scott;GBR;SB14;;01:05.46
Swimming;SWAW19;London 2019 World Para Swimming Championships;London;World Championships;Men's 50 m Butterfly S5;Final 1;2019-09-12;1;29703;WANG Lichao;CHN;S5;;00:31.52
Swimming;SWAW19;London 2019 World Para Swimming Championships;London;World Championships;Men's 50 m Butterfly S5;Final 1;2019-09-12;2;4438;SEMENENKO Yaroslav;UKR;S5;;00:33.22
Swimming;SWAW19;London 2019 World Para Swimming Championships;London;World Championships;Men's 50 m Butterfly S6;Final 1;2019-09-14;2;42473;CHARDARD Laurent;FRA;S6;;00:31.41
Swimming;SWAW19;London 2019 World Para Swimming Championships;London;World Championships;Men's 50 m Butterfly S6;Final 1;2019-09-14;1;14539;WANG Jingang;CHN;S6;;00:31.32
Swimming;SWAW19;London 2019 World Para Swimming Championships;London;World Championships;Men's 50 m Butterfly S7;Final 1;2019-09-09;1;4970;AUSTIN Evan Ryan;USA;S7;;00:29.71
Swimming;SWAW19;London 2019 World Para Swimming Championships;London;World Championships;Men's 50 m Butterfly S7;Final 1;2019-09-09;2;8935;BOHODAIKO Yevhenii;UKR;S7;;00:29.95
Swimming;SWAW19;London 2019 World Para Swimming Championships;London;World Championships;Men's 100 m Butterfly S8;Final 1;2019-09-11;2;18264;GRISWOLD Robert Thomas;USA;S8;;01:02.81
Swimming;SWAW19;London 2019 World Para Swimming Championships;London;World Championships;Men's 100 m Butterfly S8;Final 1;2019-09-11;1;10485;MICHALENTZAKIS Dimosthenis;GRE;S8;;01:01.94
Swimming;SWAW19;London 2019 World Para Swimming Championships;London;World Championships;Men's 100 m Butterfly S9;Final 1;2019-09-11;1;33124;BARLAAM Simone;ITA;S9;;01:00.36
Swimming;SWAW19;London 2019 World Para Swimming Championships;London;World Championships;Men's 100 m Butterfly S9;Final 1;2019-09-11;1;5712;MORLACCHI Federico;ITA;S9;;01:00.36
Swimming;SWAW19;London 2019 World Para Swimming Championships;London;World Championships;Men's 100 m Butterfly S10;Final 1;2019-09-13;2;35998;RAIMONDI Stefano;ITA;S10;;00:55.31
Swimming;SWAW19;London 2019 World Para Swimming Championships;London;World Championships;Men's 100 m Butterfly S10;Final 1;2019-09-13;1;30034;KRYPAK Maksym;UKR;S10;;00:54.83
Swimming;SWAW19;London 2019 World Para Swimming Championships;London;World Championships;Men's 100 m Butterfly S11;Final 1;2019-09-14;2;26537;TOMITA Uchu;JPN;S11;;01:03.64
Swimming;SWAW19;London 2019 World Para Swimming Championships;London;World Championships;Men's 100 m Butterfly S11;Final 1;2019-09-14;1;6597;KIMURA Keiichi;JPN;S11;;01:02.22
Swimming;SWAW19;London 2019 World Para Swimming Championships;London;World Championships;Men's 100 m Butterfly S12;Final 1;2019-09-10;2;9245;CLEGG Stephen;GBR;S12;;00:57.36
Swimming;SWAW19;London 2019 World Para Swimming Championships;London;World Championships;Men's 100 m Butterfly S12;Final 1;2019-09-10;1;7020;SALEI Dzmitry;BLR;S12;;00:57.28
Swimming;SWAW19;London 2019 World Para Swimming Championships;London;World Championships;Men's 100 m Butterfly S13;Final 1;2019-09-14;2;35973;ASLANOV Islam;UZB;S13;;00:55.99
Swimming;SWAW19;London 2019 World Para Swimming Championships;London;World Championships;Men's 100 m Butterfly S13;Final 1;2019-09-14;1;7861;BOKI Ihar;BLR;S13;;00:53.95
Swimming;SWAW19;London 2019 World Para Swimming Championships;London;World Championships;Men's 100 m Butterfly S14;Final 1;2019-09-15;2;32910;SAPP Lawrence Walter;USA;S14;;00:56.96
Swimming;SWAW19;London 2019 World Para Swimming Championships;London;World Championships;Men's 100 m Butterfly S14;Final 1;2019-09-15;1;41445;DUNN Reece;GBR;S14;;00:54.46
Swimming;SWAW19;London 2019 World Para Swimming Championships;London;World Championships;Men's 100 m Freestyle S4;Final 1;2019-09-10;1;20545;ZHDANOV Roman;RUS;S4;;01:21.28
Swimming;SWAW19;London 2019 World Para Swimming Championships;London;World Championships;Men's 100 m Freestyle S4;Final 1;2019-09-10;2;3713;KOMATSU Takayuki;JPN;S4;;01:22.38
Swimming;SWAW19;London 2019 World Para Swimming Championships;London;World Championships;Men's 100 m Freestyle S5;Final 1;2019-09-15;2;3761;DIAS Daniel de Faria;BRA;S5;;01:09.02
Swimming;SWAW19;London 2019 World Para Swimming Championships;London;World Championships;Men's 100 m Freestyle S5;Final 1;2019-09-15;1;14964;BOCCIARDO Francesco;ITA;S5;;01:07.76
Swimming;SWAW19;London 2019 World Para Swimming Championships;London;World Championships;Men's 100 m Freestyle S6;Final 1;2019-09-10;2;32761;FANTIN Antonio;ITA;S6;;01:05.54
Swimming;SWAW19;London 2019 World Para Swimming Championships;London;World Championships;Men's 100 m Freestyle S6;Final 1;2019-09-10;1;15020;CRISPIN CORZO Nelson;COL;S6;;01:04.91
Swimming;SWAW19;London 2019 World Para Swimming Championships;London;World Championships;Men's 100 m Freestyle S7;Final 1;2019-09-14;2;17226;HRYNENKO Bohdan;UKR;S7;;01:01.58
Swimming;SWAW19;London 2019 World Para Swimming Championships;London;World Championships;Men's 100 m Freestyle S7;Final 1;2019-09-14;1;21432;SERRANO ZARATE Carlos Daniel;COL;S7;;01:01.49
Swimming;SWAW19;London 2019 World Para Swimming Championships;London;World Championships;Men's 100 m Freestyle S8;Final 1;2019-09-09;2;36209;POPHAM Ben;AUS;S8;;00:57.89
Swimming;SWAW19;London 2019 World Para Swimming Championships;London;World Championships;Men's 100 m Freestyle S8;Final 1;2019-09-09;1;10485;MICHALENTZAKIS Dimosthenis;GRE;S8;;00:57.69
Swimming;SWAW19;London 2019 World Para Swimming Championships;London;World Championships;Men's 100 m Freestyle S9;Final 1;2019-09-09;1;33124;BARLAAM Simone;ITA;S9;;00:54.10
Swimming;SWAW19;London 2019 World Para Swimming Championships;London;World Championships;Men's 100 m Freestyle S9;Final 1;2019-09-09;2;14876;TARASOV Denis;RUS;S9;;00:56.34
Swimming;SWAW19;London 2019 World Para Swimming Championships;London;World Championships;Men's 100 m Freestyle S10;Final 1;2019-09-12;2;35998;RAIMONDI Stefano;ITA;S10;;00:51.45
Swimming;SWAW19;London 2019 World Para Swimming Championships;London;World Championships;Men's 100 m Freestyle S10;Final 1;2019-09-12;1;30034;KRYPAK Maksym;UKR;S10;;00:51.18
Swimming;SWAW19;London 2019 World Para Swimming Championships;London;World Championships;Men's 100 m Freestyle S11;Final 1;2019-09-13;2;24354;BELOUSOV Kirill;RUS;S11;;00:57.84
Swimming;SWAW19;London 2019 World Para Swimming Championships;London;World Championships;Men's 100 m Freestyle S11;Final 1;2019-09-13;1;21759;HUA Dongdong;CHN;S11;;00:57.43
Swimming;SWAW19;London 2019 World Para Swimming Championships;London;World Championships;Men's 100 m Freestyle S12;Final 1;2019-09-13;2;6889;VERAKSA Maksym;UKR;S12;;00:52.66
Swimming;SWAW19;London 2019 World Para Swimming Championships;London;World Championships;Men's 100 m Freestyle S12;Final 1;2019-09-13;1;19525;DENYSENKO Yaroslav;UKR;S12;;00:52.02
Swimming;SWAW19;London 2019 World Para Swimming Championships;London;World Championships;Men's 100 m Freestyle S13;Final 1;2019-09-11;1;7861;BOKI Ihar;BLR;S13;;00:50.74
Swimming;SWAW19;London 2019 World Para Swimming Championships;London;World Championships;Men's 100 m Freestyle S13;Final 1;2019-09-11;2;35973;ASLANOV Islam;UZB;S13;;00:52.07
Swimming;SWAW19;London 2019 World Para Swimming Championships;London;World Championships;Men's 200 m Freestyle S2;Final 1;2019-09-12;1;17385;MAKAROV Alexander;RUS;S2;;04:16.00
Swimming;SWAW19;London 2019 World Para Swimming Championships;London;World Championships;Men's 200 m Freestyle S2;Final 1;2019-09-12;2;28139;ABARZA Albero;CHI;S2;;04:19.51
Swimming;SWAW19;London 2019 World Para Swimming Championships;London;World Championships;Men's 200 m Freestyle S3;Final 1;2019-09-15;2;32247;OSTAPCHENKO Denys;UKR;S3;;03:25.45
Swimming;SWAW19;London 2019 World Para Swimming Championships;London;World Championships;Men's 200 m Freestyle S3;Final 1;2019-09-15;1;23453;LOPEZ DIAZ Diego;MEX;S3;;03:21.69
Swimming;SWAW19;London 2019 World Para Swimming Championships;London;World Championships;Men's 200 m Freestyle S4;Final 1;2019-09-14;2;3713;KOMATSU Takayuki;JPN;S4;;02:53.22
Swimming;SWAW19;London 2019 World Para Swimming Championships;London;World Championships;Men's 200 m Freestyle S4;Final 1;2019-09-14;1;20545;ZHDANOV Roman;RUS;S4;;02:53.06
Swimming;SWAW19;London 2019 World Para Swimming Championships;London;World Championships;Men's 200 m Freestyle S5;Final 1;2019-09-10;2;22574;PONCE BERTRAN Antoni;ESP;S5;;02:32.83
Swimming;SWAW19;London 2019 World Para Swimming Championships;London;World Championships;Men's 200 m Freestyle S5;Final 1;2019-09-10;1;14964;BOCCIARDO Francesco;ITA;S5;;02:24.11
Swimming;SWAW19;London 2019 World Para Swimming Championships;London;World Championships;Men's 200 m Freestyle S14;Final 1;2019-09-09;1;41445;DUNN Reece;GBR;S14;;01:52.96
Swimming;SWAW19;London 2019 World Para Swimming Championships;London;World Championships;Men's 200 m Freestyle S14;Final 1;2019-09-09;2;22128;HAMER Thomas;GBR;S14;;01:55.19
Swimming;SWAW19;London 2019 World Para Swimming Championships;London;World Championships;Men's 400 m Freestyle S6;Final 1;2019-09-09;2;19810;GRANICHKA Andrei;RUS;S6;;05:08.26
Swimming;SWAW19;London 2019 World Para Swimming Championships;London;World Championships;Men's 400 m Freestyle S6;Final 1;2019-09-09;1;32761;FANTIN Antonio;ITA;S6;;05:00.67
Swimming;SWAW19;London 2019 World Para Swimming Championships;London;World Championships;Men's 400 m Freestyle S7;Final 1;2019-09-10;2;32250;TRUSOV Andrii;UKR;S7;;04:40.07
Swimming;SWAW19;London 2019 World Para Swimming Championships;London;World Championships;Men's 400 m Freestyle S7;Final 1;2019-09-10;1;19483;MALYAR Mark;ISR;S7;;04:33.64
Swimming;SWAW19;London 2019 World Para Swimming Championships;London;World Championships;Men's 400 m Freestyle S8;Final 1;2019-09-12;1;30040;NIKOLAEV Andrei;RUS;S8;;04:31.64
Swimming;SWAW19;London 2019 World Para Swimming Championships;London;World Championships;Men's 400 m Freestyle S8;Final 1;2019-09-12;2;18264;GRISWOLD Robert Thomas;USA;S8;;04:32.77
Swimming;SWAW19;London 2019 World Para Swimming Championships;London;World Championships;Men's 400 m Freestyle S9;Final 1;2019-09-13;2;5577;HALL Brenden John;AUS;S9;;04:17.44
Swimming;SWAW19;London 2019 World Para Swimming Championships;London;World Championships;Men's 400 m Freestyle S9;Final 1;2019-09-13;1;29889;GARRIDO BRUN Jacobo;ESP;S9;;04:17.17
Swimming;SWAW19;London 2019 World Para Swimming Championships;London;World Championships;Men's 400 m Freestyle S10;Final 1;2019-09-11;1;30034;KRYPAK Maksym;UKR;S10;;04:01.17
Swimming;SWAW19;London 2019 World Para Swimming Championships;London;World Championships;Men's 400 m Freestyle S10;Final 1;2019-09-11;2;27130;TAKKEN Bas;NED;S10;;04:03.63
Swimming;SWAW19;London 2019 World Para Swimming Championships;London;World Championships;Men's 400 m Freestyle S11;Final 1;2019-09-15;2;26537;TOMITA Uchu;JPN;S11;;04:32.90
Swimming;SWAW19;London 2019 World Para Swimming Championships;London;World Championships;Men's 400 m Freestyle S11;Final 1;2019-09-15;1;21985;DORSMAN Rogier;NED;S11;;04:28.64
Swimming;SWAW19;London 2019 World Para Swimming Championships;London;World Championships;Men's 400 m Freestyle S13;Final 1;2019-09-09;1;7861;BOKI Ihar;BLR;S13;;03:57.90
Swimming;SWAW19;London 2019 World Para Swimming Championships;London;World Championships;Men's 400 m Freestyle S13;Final 1;2019-09-09;2;39383;GARASHCHENKO Kyrylo;UKR;S13;;04:01.67
Swimming;SWAW19;London 2019 World Para Swimming Championships;London;World Championships;Men's 50 m Freestyle S3;Final 1;2019-09-14;2;29706;ZOU Liankang;CHN;S3;;00:45.40
Swimming;SWAW19;London 2019 World Para Swimming Championships;London;World Championships;Men's 50 m Freestyle S3;Final 1;2019-09-14;1;23453;LOPEZ DIAZ Diego;MEX;S3;;00:43.51
Swimming;SWAW19;London 2019 World Para Swimming Championships;London;World Championships;Men's 50 m Freestyle S4;Final 1;2019-09-13;1;3693;LESLIE Cameron;NZL;S4;;00:37.14
Swimming;SWAW19;London 2019 World Para Swimming Championships;London;World Championships;Men's 50 m Freestyle S4;Final 1;2019-09-13;2;3713;KOMATSU Takayuki;JPN;S4;;00:37.56
Swimming;SWAW19;London 2019 World Para Swimming Championships;London;World Championships;Men's 50 m Freestyle S5;Final 1;2019-09-09;1;3761;DIAS Daniel de Faria;BRA;S5;;00:31.83
Swimming;SWAW19;London 2019 World Para Swimming Championships;London;World Championships;Men's 50 m Freestyle S5;Final 1;2019-09-09;2;14964;BOCCIARDO Francesco;ITA;S5;;00:32.89
Swimming;SWAW19;London 2019 World Para Swimming Championships;London;World Championships;Men's 50 m Freestyle S6;Final 1;2019-09-13;2;32761;FANTIN Antonio;ITA;S6;;00:29.92
Swimming;SWAW19;London 2019 World Para Swimming Championships;London;World Championships;Men's 50 m Freestyle S6;Final 1;2019-09-13;1;15020;CRISPIN CORZO Nelson;COL;S6;;00:29.19
Swimming;SWAW19;London 2019 World Para Swimming Championships;London;World Championships;Men's 50 m Freestyle S7;Final 1;2019-09-15;1;32250;TRUSOV Andrii;UKR;S7;;00:27.07
Swimming;SWAW19;London 2019 World Para Swimming Championships;London;World Championships;Men's 50 m Freestyle S7;Final 1;2019-09-15;2;10594;SUKHAREV Sergei;RUS;S7;;00:27.81
Swimming;SWAW19;London 2019 World Para Swimming Championships;London;World Championships;Men's 50 m Freestyle S8;Final 1;2019-09-13;2;29696;YANG Guanglong;CHN;S8;;00:26.81
Swimming;SWAW19;London 2019 World Para Swimming Championships;London;World Championships;Men's 50 m Freestyle S8;Final 1;2019-09-13;1;10485;MICHALENTZAKIS Dimosthenis;GRE;S8;;00:26.54
Swimming;SWAW19;London 2019 World Para Swimming Championships;London;World Championships;Men's 50 m Freestyle S9;Final 1;2019-09-15;1;33124;BARLAAM Simone;ITA;S9;;00:24.00
Swimming;SWAW19;London 2019 World Para Swimming Championships;London;World Championships;Men's 50 m Freestyle S9;Final 1;2019-09-15;2;14876;TARASOV Denis;RUS;S9;;00:25.14
Swimming;SWAW19;London 2019 World Para Swimming Championships;London;World Championships;Men's 50 m Freestyle S10;Final 1;2019-09-09;2;6421;RODRIGUES Phelipe Andrews Melo;BRA;S10;;00:23.71
Swimming;SWAW19;London 2019 World Para Swimming Championships;London;World Championships;Men's 50 m Freestyle S10;Final 1;2019-09-09;1;35998;RAIMONDI Stefano;ITA;S10;;00:23.63
Swimming;SWAW19;London 2019 World Para Swimming Championships;London;World Championships;Men's 50 m Freestyle S11;Final 1;2019-09-09;1;30746;BELARMINO PEREIRA Wendell;BRA;S11;;00:26.20
Swimming;SWAW19;London 2019 World Para Swimming Championships;London;World Championships;Men's 50 m Freestyle S11;Final 1;2019-09-09;2;24354;BELOUSOV Kirill;RUS;S11;;00:26.25
Swimming;SWAW19;London 2019 World Para Swimming Championships;London;World Championships;Men's 50 m Freestyle S12;Final 1;2019-09-11;2;19525;DENYSENKO Yaroslav;UKR;S12;;00:23.91
Swimming;SWAW19;London 2019 World Para Swimming Championships;London;World Championships;Men's 50 m Freestyle S12;Final 1;2019-09-11;1;19526;YAREMENKO Illia;UKR;S12;;00:23.53
Swimming;SWAW19;London 2019 World Para Swimming Championships;London;World Championships;Men's 50 m Freestyle S13;Final 1;2019-09-15;1;7861;BOKI Ihar;BLR;S13;;00:23.30
Swimming;SWAW19;London 2019 World Para Swimming Championships;London;World Championships;Men's 50 m Freestyle S13;Final 1;2019-09-15;2;35973;ASLANOV Islam;UZB;S13;;00:23.77
Swimming;SWAW19;London 2019 World Para Swimming Championships;London;World Championships;Men's 150 m Individual Medley SM3;Final 1;2019-09-14;2;10815;MUSTAFA Ahmed;AUS;SM3;;03:01.17
Swimming;SWAW19;London 2019 World Para Swimming Championships;London;World Championships;Men's 150 m Individual Medley SM3;Final 1;2019-09-14;1;23453;LOPEZ DIAZ Diego;MEX;SM3;;02:57.61
Swimming;SWAW19;London 2019 World Para Swimming Championships;London;World Championships;Men's 150 m Individual Medley SM4;Final 1;2019-09-11;1;20545;ZHDANOV Roman;RUS;SM4;;02:26.27
Swimming;SWAW19;London 2019 World Para Swimming Championships;London;World Championships;Men's 150 m Individual Medley SM4;Final 1;2019-09-11;2;34764;DADAON Ami Omer;ISR;SM4;;02:31.17
Swimming;SWAW19;London 2019 World Para Swimming Championships;London;World Championships;Men's 200 m Individual Medley SM6;Final 1;2019-09-11;1;19810;GRANICHKA Andrei;RUS;SM6;;02:41.31
Swimming;SWAW19;London 2019 World Para Swimming Championships;London;World Championships;Men's 200 m Individual Medley SM6;Final 1;2019-09-11;2;14539;WANG Jingang;CHN;SM6;;02:41.99
Swimming;SWAW19;London 2019 World Para Swimming Championships;London;World Championships;Men's 200 m Individual Medley SM7;Final 1;2019-09-13;2;19483;MALYAR Mark;ISR;SM7;;02:33.83
Swimming;SWAW19;London 2019 World Para Swimming Championships;London;World Championships;Men's 200 m Individual Medley SM7;Final 1;2019-09-13;1;21432;SERRANO ZARATE Carlos Daniel;COL;SM7;;02:31.11
Swimming;SWAW19;London 2019 World Para Swimming Championships;London;World Championships;Men's 200 m Individual Medley SM8;Final 1;2019-09-14;2;29696;YANG Guanglong;CHN;SM8;;02:25.20
Swimming;SWAW19;London 2019 World Para Swimming Championships;London;World Championships;Men's 200 m Individual Medley SM8;Final 1;2019-09-14;1;18264;GRISWOLD Robert Thomas;USA;SM8;;02:22.72
Swimming;SWAW19;London 2019 World Para Swimming Championships;London;World Championships;Men's 200 m Individual Medley SM9;Final 1;2019-09-14;1;5617;KALINA Andrei;RUS;SM9;;02:16.67
Swimming;SWAW19;London 2019 World Para Swimming Championships;London;World Championships;Men's 200 m Individual Medley SM9;Final 1;2019-09-14;2;5712;MORLACCHI Federico;ITA;SM9;;02:17.66
Swimming;SWAW19;London 2019 World Para Swimming Championships;London;World Championships;Men's 200 m Individual Medley SM10;Final 1;2019-09-10;2;35998;RAIMONDI Stefano;ITA;SM10;;02:08.20
Swimming;SWAW19;London 2019 World Para Swimming Championships;London;World Championships;Men's 200 m Individual Medley SM10;Final 1;2019-09-10;1;30034;KRYPAK Maksym;UKR;SM10;;02:06.13
Swimming;SWAW19;London 2019 World Para Swimming Championships;London;World Championships;Men's 200 m Individual Medley SM11;Final 1;2019-09-12;2;6597;KIMURA Keiichi;JPN;SM11;;02:26.58
Swimming;SWAW19;London 2019 World Para Swimming Championships;London;World Championships;Men's 200 m Individual Medley SM11;Final 1;2019-09-12;1;21985;DORSMAN Rogier;NED;SM11;;02:22.02
Swimming;SWAW19;London 2019 World Para Swimming Championships;London;World Championships;Men's 200 m Individual Medley SM13;Final 1;2019-09-13;1;7861;BOKI Ihar;BLR;SM13;;02:05.04
Swimming;SWAW19;London 2019 World Para Swimming Championships;London;World Championships;Men's 200 m Individual Medley SM13;Final 1;2019-09-13;2;31021;PORTAL Alex David;FRA;SM13;;02:12.14
Swimming;SWAW19;London 2019 World Para Swimming Championships;London;World Championships;Men's 200 m Individual Medley SM14;Final 1;2019-09-14;1;28497;TOKAIRIN Dai;JPN;SM14;;02:08.16
Swimming;SWAW19;London 2019 World Para Swimming Championships;London;World Championships;Men's 200 m Individual Medley SM14;Final 1;2019-09-14;2;41445;DUNN Reece;GBR;SM14;;02:08.70
Swimming;SWAW19;London 2019 World Para Swimming Championships;London;World Championships;Women's 50 m Backstroke S2;Final 1;2019-09-13;1;3491;YIP Pin Xiu;SGP;S2;;01:04.43
Swimming;SWAW19;London 2019 World Para Swimming Championships;London;World Championships;Women's 50 m Backstroke S2;Final 1;2019-09-13;2;29963;PROCIDA Angela;ITA;S2;;01:13.98
Swimming;SWAW19;London 2019 World Para Swimming Championships;London;World Championships;Women's 50 m Backstroke S3;Final 1;2019-09-12;2;22575;SMITH Leanne Elizabeth;USA;S3;;00:58.42
Swimming;SWAW19;London 2019 World Para Swimming Championships;London;World Championships;Women's 50 m Backstroke S3;Final 1;2019-09-12;1;3563;GARCIA Edenia Nogueira;BRA;S3;;00:56.71
Swimming;SWAW19;London 2019 World Para Swimming Championships;London;World Championships;Women's 50 m Backstroke S4;Final 1;2019-09-12;1;19809;VERBOVA Maryna;UKR;S4;;00:50.79
Swimming;SWAW19;London 2019 World Para Swimming Championships;London;World Championships;Women's 50 m Backstroke S4;Final 1;2019-09-12;2;21533;GKIATI-STAMATOPOULOU Alexandra-Alkistis;GRE;S4;;00:52.86
Swimming;SWAW19;London 2019 World Para Swimming Championships;London;World Championships;Women's 50 m Backstroke S5;Final 1;2019-09-14;1;3847;PERALES FERNANDEZ Teresa;ESP;S5;;00:44.71
Swimming;SWAW19;London 2019 World Para Swimming Championships;London;World Championships;Women's 50 m Backstroke S5;Final 1;2019-09-14;2;29990;BOYACI Sumeyye;TUR;S5;;00:44.74
Swimming;SWAW19;London 2019 World Para Swimming Championships;London;World Championships;Women's 100 m Backstroke S2;Final 1;2019-09-11;1;3491;YIP Pin Xiu;SGP;S2;;02:18.61
Swimming;SWAW19;London 2019 World Para Swimming Championships;London;World Championships;Women's 100 m Backstroke S2;Final 1;2019-09-11;2;39276;VAN WYCK-SMART Aly Mirai;CAN;S2;;02:39.27
Swimming;SWAW19;London 2019 World Para Swimming Championships;London;World Championships;Women's 100 m Backstroke S6;Final 1;2019-09-12;2;11943;SONG Lingling;CHN;S6;;01:24.78
Swimming;SWAW19;London 2019 World Para Swimming Championships;London;World Championships;Women's 100 m Backstroke S6;Final 1;2019-09-12;1;4486;SCHOTT Verena;GER;S6;;01:23.81
Swimming;SWAW19;London 2019 World Para Swimming Championships;London;World Championships;Women's 100 m Backstroke S7;Final 1;2019-09-12;1;19341;MARKS Elizabeth Anne;USA;S7;;01:21.05
Swimming;SWAW19;London 2019 World Para Swimming Championships;London;World Championships;Women's 100 m Backstroke S7;Final 1;2019-09-12;2;26758;NEWKIRK Shelby Lynn;CAN;S7;;01:21.58
Swimming;SWAW19;London 2019 World Para Swimming Championships;London;World Championships;Women's 100 m Backstroke S8;Final 1;2019-09-10;1;14880;TAI Alice;GBR;S8;;01:08.04
Swimming;SWAW19;London 2019 World Para Swimming Championships;London;World Championships;Women's 100 m Backstroke S8;Final 1;2019-09-10;2;22171;NEIUFI Tupou;NZL;S8;;01:16.37
Swimming;SWAW19;London 2019 World Para Swimming Championships;London;World Championships;Women's 100 m Backstroke S9;Final 1;2019-09-10;1;6388;PASCOE Sophie;NZL;S9;;01:07.49
Swimming;SWAW19;London 2019 World Para Swimming Championships;London;World Championships;Women's 100 m Backstroke S9;Final 1;2019-09-10;2;5498;COLE Ellie Victoria;AUS;S9;;01:10.42
Swimming;SWAW19;London 2019 World Para Swimming Championships;London;World Championships;Women's 100 m Backstroke S10;Final 1;2019-09-14;2;19286;PAP Marina Bianka;HUN;S10;;01:09.23
Swimming;SWAW19;London 2019 World Para Swimming Championships;London;World Championships;Women's 100 m Backstroke S10;Final 1;2019-09-14;1;19395;KRUGER Lisa;NED;S10;;01:09.22
Swimming;SWAW19;London 2019 World Para Swimming Championships;London;World Championships;Women's 100 m Backstroke S11;Final 1;2019-09-10;1;35360;WANG Xinyi;CHN;S11;;01:16.40
Swimming;SWAW19;London 2019 World Para Swimming Championships;London;World Championships;Women's 100 m Backstroke S11;Final 1;2019-09-10;2;30172;TKACHUK Kateryna;UKR;S11;;01:20.02
Swimming;SWAW19;London 2019 World Para Swimming Championships;London;World Championships;Women's 100 m Backstroke S12;Final 1;2019-09-09;1;19606;KRIVSHINA Anna;RUS;S12;;01:07.55
Swimming;SWAW19;London 2019 World Para Swimming Championships;London;World Championships;Women's 100 m Backstroke S12;Final 1;2019-09-09;2;41237;GOMES SANTIAGO Maria Carolina;BRA;S12;;01:11.44
Swimming;SWAW19;London 2019 World Para Swimming Championships;London;World Championships;Women's 100 m Backstroke S13;Final 1;2019-09-10;2;33808;PERGOLINI Gia Nicole;USA;S13;;01:06.82
Swimming;SWAW19;London 2019 World Para Swimming Championships;London;World Championships;Women's 100 m Backstroke S13;Final 1;2019-09-10;1;33000;GILLI Carlotta;ITA;S13;;01:06.48
Swimming;SWAW19;London 2019 World Para Swimming Championships;London;World Championships;Women's 100 m Backstroke S14;Final 1;2019-09-10;2;22610;SHABALINA Valeriia;RUS;S14;;01:07.23
Swimming;SWAW19;London 2019 World Para Swimming Championships;London;World Championships;Women's 100 m Backstroke S14;Final 1;2019-09-10;1;15649;FIRTH Bethany;GBR;S14;;01:05.97
Swimming;SWAW19;London 2019 World Para Swimming Championships;London;World Championships;Women's 50 m Breaststroke SB3;Final 1;2019-09-15;1;22575;SMITH Leanne Elizabeth;USA;SB3;;00:57.24
Swimming;SWAW19;London 2019 World Para Swimming Championships;London;World Championships;Women's 50 m Breaststroke SB3;Final 1;2019-09-15;2;19809;VERBOVA Maryna;UKR;SB3;;00:59.42
Swimming;SWAW19;London 2019 World Para Swimming Championships;London;World Championships;Women's 100 m Breaststroke SB4;Final 1;2019-09-09;1;4089;ILLES Fanni;HUN;SB4;;01:46.92
Swimming;SWAW19;London 2019 World Para Swimming Championships;London;World Championships;Women's 100 m Breaststroke SB4;Final 1;2019-09-09;2;15335;GHIRETTI Giulia;ITA;SB4;;01:50.50
Swimming;SWAW19;London 2019 World Para Swimming Championships;London;World Championships;Women's 100 m Breaststroke SB5;Final 1;2019-09-09;1;19796;MERESHKO Yelyzaveta;UKR;SB5;;01:41.32
Swimming;SWAW19;London 2019 World Para Swimming Championships;London;World Championships;Women's 100 m Breaststroke SB5;Final 1;2019-09-09;2;4486;SCHOTT Verena;GER;SB5;;01:43.11
Swimming;SWAW19;London 2019 World Para Swimming Championships;London;World Championships;Women's 100 m Breaststroke SB6;Final 1;2019-09-15;1;21140;LIU Daomin;CHN;SB6;;01:29.87
Swimming;SWAW19;London 2019 World Para Swimming Championships;London;World Championships;Women's 100 m Breaststroke SB6;Final 1;2019-09-15;2;26591;SUMMERS-NEWTON Maisie;GBR;SB6;;01:33.46
Swimming;SWAW19;London 2019 World Para Swimming Championships;London;World Championships;Women's 100 m Breaststroke SB7;Final 1;2019-09-11;1;21815;THOMAS KANE Tiffany;AUS;SB7;;01:30.84
Swimming;SWAW19;London 2019 World Para Swimming Championships;London;World Championships;Women's 100 m Breaststroke SB7;Final 1;2019-09-11;2;22532;ROUTLIFFE Tess Catherine;CAN;SB7;;01:32.39
Swimming;SWAW19;London 2019 World Para Swimming Championships;London;World Championships;Women's 100 m Breaststroke SB8;Final 1;2019-09-15;1;41153;WHISTON Brock;GBR;SB8;;01:13.83
Swimming;SWAW19;London 2019 World Para Swimming Championships;London;World Championships;Women's 100 m Breaststroke SB8;Final 1;2019-09-15;2;5780;ROXON Katarina;CAN;SB8;;01:21.96
Swimming;SWAW19;London 2019 World Para Swimming Championships;London;World Championships;Women's 100 m Breaststroke SB9;Final 1;2019-09-14;2;19395;KRUGER Lisa;NED;SB9;;01:15.26
Swimming;SWAW19;London 2019 World Para Swimming Championships;London;World Championships;Women's 100 m Breaststroke SB9;Final 1;2019-09-14;1;14677;ZIJDERVELD Belinda Chantalle;NED;SB9;;01:12.55
Swimming;SWAW19;London 2019 World Para Swimming Championships;London;World Championships;Women's 100 m Breaststroke SB11;Final 1;2019-09-11;1;41650;MA Jia;CHN;SB11;;01:22.36
Swimming;SWAW19;London 2019 World Para Swimming Championships;London;World Championships;Women's 100 m Breaststroke SB11;Final 1;2019-09-11;2;21984;BRUINSMA Liesette;NED;SB11;;01:25.59
Swimming;SWAW19;London 2019 World Para Swimming Championships;London;World Championships;Women's 100 m Breaststroke SB12;Final 1;2019-09-12;1;10677;KRAWZOW Elena;GER;SB12;;01:13.62
Swimming;SWAW19;London 2019 World Para Swimming Championships;London;World Championships;Women's 100 m Breaststroke SB12;Final 1;2019-09-12;2;42294;LUKYANENKO Daria;RUS;SB12;;01:15.88
Swimming;SWAW19;London 2019 World Para Swimming Championships;London;World Championships;Women's 100 m Breaststroke SB13;Final 1;2019-09-12;2;10849;YOUNG Colleen;USA;SB13;;01:16.14
Swimming;SWAW19;London 2019 World Para Swimming Championships;London;World Championships;Women's 100 m Breaststroke SB13;Final 1;2019-09-12;1;29717;REDFERN Rebecca;GBR;SB13;;01:14.73
Swimming;SWAW19;London 2019 World Para Swimming Championships;London;World Championships;Women's 100 m Breaststroke SB14;Final 1;2019-09-11;2;11108;ALONSO MORALES Michelle;ESP;SB14;;01:13.49
Swimming;SWAW19;London 2019 World Para Swimming Championships;London;World Championships;Women's 100 m Breaststroke SB14;Final 1;2019-09-11;1;32442;FIDDES Louise;GBR;SB14;;01:13.20
Swimming;SWAW19;London 2019 World Para Swimming Championships;London;World Championships;Women's 50 m Butterfly S5;Final 1;2019-09-12;2;5808;DA SILVA NEVES EUZEBIO Joana Maria Jaciara;BRA;S5;;00:47.21
Swimming;SWAW19;London 2019 World Para Swimming Championships;London;World Championships;Women's 50 m Butterfly S5;Final 1;2019-09-12;1;10420;TALAMONA Arianna;ITA;S5;;00:45.62
Swimming;SWAW19;London 2019 World Para Swimming Championships;London;World Championships;Women's 50 m Butterfly S6;Final 1;2019-09-14;1;35362;JIANG Yuyan;CHN;S6;;00:34.86
Swimming;SWAW19;London 2019 World Para Swimming Championships;London;World Championships;Women's 50 m Butterfly S6;Final 1;2019-09-14;2;26528;ROBINSON Eleanor;GBR;S6;;00:35.61
Swimming;SWAW19;London 2019 World Para Swimming Championships;London;World Championships;Women's 50 m Butterfly S7;Final 1;2019-09-09;1;7118;WEGGEMANN Mallory;USA;S7;;00:34.76
Swimming;SWAW19;London 2019 World Para Swimming Championships;London;World Championships;Women's 50 m Butterfly S7;Final 1;2019-09-09;2;29252;GAFFNEY Julia Kay Nadezhda;USA;S7;;00:35.67
Swimming;SWAW19;London 2019 World Para Swimming Championships;London;World Championships;Women's 100 m Butterfly S8;Final 1;2019-09-11;1;14880;TAI Alice;GBR;S8;;01:09.76
Swimming;SWAW19;London 2019 World Para Swimming Championships;London;World Championships;Women's 100 m Butterfly S8;Final 1;2019-09-11;2;5097;LONG Jessica;USA;S8;;01:09.78
Swimming;SWAW19;London 2019 World Para Swimming Championships;London;World Championships;Women's 100 m Butterfly S9;Final 1;2019-09-11;2;32800;SHAW Toni;GBR;S9;;01:07.83
Swimming;SWAW19;London 2019 World Para Swimming Championships;London;World Championships;Women's 100 m Butterfly S9;Final 1;2019-09-11;1;6388;PASCOE Sophie;NZL;S9;;01:04.35
Swimming;SWAW19;London 2019 World Para Swimming Championships;London;World Championships;Women's 100 m Butterfly S10;Final 1;2019-09-13;1;33859;JENKINS Mikaela Odean;USA;S10;;01:07.07
Swimming;SWAW19;London 2019 World Para Swimming Championships;London;World Championships;Women's 100 m Butterfly S10;Final 1;2019-09-13;2;34146;SCORTECHINI Alessia;ITA;S10;;01:07.46
Swimming;SWAW19;London 2019 World Para Swimming Championships;London;World Championships;Women's 100 m Butterfly S13;Final 1;2019-09-14;2;33000;GILLI Carlotta;ITA;S13;;01:03.95
Swimming;SWAW19;London 2019 World Para Swimming Championships;London;World Championships;Women's 100 m Butterfly S13;Final 1;2019-09-14;1;30189;TOSHPULATOVA Shokhsanamkhon;UZB;S13;;01:03.89
Swimming;SWAW19;London 2019 World Para Swimming Championships;London;World Championships;Women's 100 m Butterfly S14;Final 1;2019-09-15;1;22610;SHABALINA Valeriia;RUS;S14;;01:03.68
Swimming;SWAW19;London 2019 World Para Swimming Championships;London;World Championships;Women's 100 m Butterfly S14;Final 1;2019-09-15;2;14832;APPLEGATE Jessica;GBR;S14;;01:04.26
Swimming;SWAW19;London 2019 World Para Swimming Championships;London;World Championships;Women's 100 m Freestyle S3;Final 1;2019-09-15;2;3489;VALLE BENITEZ Patricia;MEX;S3;;02:03.18
Swimming;SWAW19;London 2019 World Para Swimming Championships;London;World Championships;Women's 100 m Freestyle S3;Final 1;2019-09-15;1;22575;SMITH Leanne Elizabeth;USA;S3;;01:36.49
Swimming;SWAW19;London 2019 World Para Swimming Championships;London;World Championships;Women's 100 m Freestyle S4;Final 1;2019-09-10;2;26717;PENG Qiuping;CHN;S4;;01:31.61
Swimming;SWAW19;London 2019 World Para Swimming Championships;London;World Championships;Women's 100 m Freestyle S4;Final 1;2019-09-10;1;17675;TRIMI Arjola;ITA;S4;;01:29.56
Swimming;SWAW19;London 2019 World Para Swimming Championships;London;World Championships;Women's 100 m Freestyle S5;Final 1;2019-09-15;2;10420;TALAMONA Arianna;ITA;S5;;01:22.49
Swimming;SWAW19;London 2019 World Para Swimming Championships;London;World Championships;Women's 100 m Freestyle S5;Final 1;2019-09-15;1;14840;KEARNEY Tully;GBR;S5;;01:17.83
Swimming;SWAW19;London 2019 World Para Swimming Championships;London;World Championships;Women's 100 m Freestyle S6;Final 1;2019-09-10;2;19796;MERESHKO Yelyzaveta;UKR;S6;;01:11.85
Swimming;SWAW19;London 2019 World Para Swimming Championships;London;World Championships;Women's 100 m Freestyle S6;Final 1;2019-09-10;1;35362;JIANG Yuyan;CHN;S6;;01:11.53
Swimming;SWAW19;London 2019 World Para Swimming Championships;London;World Championships;Women's 100 m Freestyle S7;Final 1;2019-09-14;1;5497;COAN McKenzie;USA;S7;;01:08.83
Swimming;SWAW19;London 2019 World Para Swimming Championships;London;World Championships;Women's 100 m Freestyle S7;Final 1;2019-09-14;2;8404;GRAHL Denise;GER;S7;;01:12.10
Swimming;SWAW19;London 2019 World Para Swimming Championships;London;World Championships;Women's 100 m Freestyle S8;Final 1;2019-09-09;1;14880;TAI Alice;GBR;S8;;01:03.77
Swimming;SWAW19;London 2019 World Para Swimming Championships;London;World Championships;Women's 100 m Freestyle S8;Final 1;2019-09-09;2;5097;LONG Jessica;USA;S8;;01:06.08
Swimming;SWAW19;London 2019 World Para Swimming Championships;London;World Championships;Women's 100 m Freestyle S9;Final 1;2019-09-09;2;5942;GASCON MORENO Sarai;ESP;S9;;01:02.90
Swimming;SWAW19;London 2019 World Para Swimming Championships;London;World Championships;Women's 100 m Freestyle S9;Final 1;2019-09-09;1;6388;PASCOE Sophie;NZL;S9;;01:00.20
Swimming;SWAW19;London 2019 World Para Swimming Championships;London;World Championships;Women's 100 m Freestyle S10;Final 1;2019-09-12;1;7807;RIVARD Aurelie;CAN;S10;;00:59.83
Swimming;SWAW19;London 2019 World Para Swimming Championships;London;World Championships;Women's 100 m Freestyle S10;Final 1;2019-09-12;2;14677;ZIJDERVELD Belinda Chantalle;NED;S10;;01:00.71
Swimming;SWAW19;London 2019 World Para Swimming Championships;London;World Championships;Women's 100 m Freestyle S11;Final 1;2019-09-13;2;17919;PIDDUBNA Maryna;UKR;S11;;01:07.92
Swimming;SWAW19;London 2019 World Para Swimming Championships;London;World Championships;Women's 100 m Freestyle S11;Final 1;2019-09-13;1;21984;BRUINSMA Liesette;NED;S11;;01:07.26
Swimming;SWAW19;London 2019 World Para Swimming Championships;London;World Championships;Women's 100 m Freestyle S12;Final 1;2019-09-13;2;19606;KRIVSHINA Anna;RUS;S12;;00:59.81
Swimming;SWAW19;London 2019 World Para Swimming Championships;London;World Championships;Women's 100 m Freestyle S12;Final 1;2019-09-13;1;41237;GOMES SANTIAGO Maria Carolina;BRA;S12;;00:59.66
Swimming;SWAW19;London 2019 World Para Swimming Championships;London;World Championships;Women's 100 m Freestyle S13;Final 1;2019-09-11;1;33000;GILLI Carlotta;ITA;S13;;00:58.79
Swimming;SWAW19;London 2019 World Para Swimming Championships;London;World Championships;Women's 100 m Freestyle S13;Final 1;2019-09-11;2;24286;STETSENKO Anna;UKR;S13;;00:59.65
Swimming;SWAW19;London 2019 World Para Swimming Championships;London;World Championships;Women's 200 m Freestyle S5;Final 1;2019-09-10;2;10420;TALAMONA Arianna;ITA;S5;;02:51.43
Swimming;SWAW19;London 2019 World Para Swimming Championships;London;World Championships;Women's 200 m Freestyle S5;Final 1;2019-09-10;1;14840;KEARNEY Tully;GBR;S5;;02:46.92
Swimming;SWAW19;London 2019 World Para Swimming Championships;London;World Championships;Women's 200 m Freestyle S14;Final 1;2019-09-09;2;15649;FIRTH Bethany;GBR;S14;;02:06.18
Swimming;SWAW19;London 2019 World Para Swimming Championships;London;World Championships;Women's 200 m Freestyle S14;Final 1;2019-09-09;1;22610;SHABALINA Valeriia;RUS;S14;;02:02.28
Swimming;SWAW19;London 2019 World Para Swimming Championships;London;World Championships;Women's 400 m Freestyle S6;Final 1;2019-09-09;2;19796;MERESHKO Yelyzaveta;UKR;S6;;05:17.49
Swimming;SWAW19;London 2019 World Para Swimming Championships;London;World Championships;Women's 400 m Freestyle S6;Final 1;2019-09-09;1;35362;JIANG Yuyan;CHN;S6;;05:13.32
Swimming;SWAW19;London 2019 World Para Swimming Championships;London;World Championships;Women's 400 m Freestyle S7;Final 1;2019-09-10;1;5497;COAN McKenzie;USA;S7;;05:09.58
Swimming;SWAW19;London 2019 World Para Swimming Championships;London;World Championships;Women's 400 m Freestyle S7;Final 1;2019-09-10;2;21872;LETTENBERGER Ahalya Barbara;USA;S7;;05:15.90
Swimming;SWAW19;London 2019 World Para Swimming Championships;London;World Championships;Women's 400 m Freestyle S8;Final 1;2019-09-12;1;14880;TAI Alice;GBR;S8;;04:49.01
Swimming;SWAW19;London 2019 World Para Swimming Championships;London;World Championships;Women's 400 m Freestyle S8;Final 1;2019-09-12;2;19693;PALAZZO Xenia Francesca;ITA;S8;;04:51.21
Swimming;SWAW19;London 2019 World Para Swimming Championships;London;World Championships;Women's 400 m Freestyle S9;Final 1;2019-09-13;1;21818;PATTERSON Lakeisha;AUS;S9;;04:38.29
Swimming;SWAW19;London 2019 World Para Swimming Championships;London;World Championships;Women's 400 m Freestyle S9;Final 1;2019-09-13;2;32800;SHAW Toni;GBR;S9;;04:43.20
Swimming;SWAW19;London 2019 World Para Swimming Championships;London;World Championships;Women's 400 m Freestyle S10;Final 1;2019-09-11;1;8344;JABLONSKA Oliwia Maria;POL;S10;;04:29.65
Swimming;SWAW19;London 2019 World Para Swimming Championships;London;World Championships;Women's 400 m Freestyle S10;Final 1;2019-09-11;2;7807;RIVARD Aurelie;CAN;S10;;04:30.42
Swimming;SWAW19;London 2019 World Para Swimming Championships;London;World Championships;Women's 400 m Freestyle S11;Final 1;2019-09-15;1;21984;BRUINSMA Liesette;NED;S11;;05:02.19
Swimming;SWAW19;London 2019 World Para Swimming Championships;London;World Championships;Women's 400 m Freestyle S11;Final 1;2019-09-15;2;26866;ZHANG Xiaotong;CHN;S11;;05:16.35
Swimming;SWAW19;London 2019 World Para Swimming Championships;London;World Championships;Women's 400 m Freestyle S13;Final 1;2019-09-09;1;18289;MEYERS Rebecca Anne;USA;S12;;04:22.34
Swimming;SWAW19;London 2019 World Para Swimming Championships;London;World Championships;Women's 400 m Freestyle S13;Final 1;2019-09-09;2;24286;STETSENKO Anna;UKR;S13;;04:23.75
Swimming;SWAW19;London 2019 World Para Swimming Championships;London;World Championships;Women's 50 m Freestyle S4;Final 1;2019-09-13;2;30721;WATSON Rachael;AUS;S4;;00:40.62
Swimming;SWAW19;London 2019 World Para Swimming Championships;London;World Championships;Women's 50 m Freestyle S4;Final 1;2019-09-13;1;17675;TRIMI Arjola;ITA;S4;;00:40.02
Swimming;SWAW19;London 2019 World Para Swimming Championships;London;World Championships;Women's 50 m Freestyle S5;Final 1;2019-09-09;1;14840;KEARNEY Tully;GBR;S5;;00:36.28
Swimming;SWAW19;London 2019 World Para Swimming Championships;London;World Championships;Women's 50 m Freestyle S5;Final 1;2019-09-09;2;41811;HEXT Suzanna;GBR;S5;;00:37.13
Swimming;SWAW19;London 2019 World Para Swimming Championships;London;World Championships;Women's 50 m Freestyle S6;Final 1;2019-09-13;2;17280;SAVTSOVA Viktoriia;UKR;S6;;00:33.35
Swimming;SWAW19;London 2019 World Para Swimming Championships;London;World Championships;Women's 50 m Freestyle S6;Final 1;2019-09-13;1;19796;MERESHKO Yelyzaveta;UKR;S6;;00:32.94
Swimming;SWAW19;London 2019 World Para Swimming Championships;London;World Championships;Women's 50 m Freestyle S7;Final 1;2019-09-15;2;5497;COAN McKenzie;USA;S7;;00:32.52
Swimming;SWAW19;London 2019 World Para Swimming Championships;London;World Championships;Women's 50 m Freestyle S7;Final 1;2019-09-15;1;7118;WEGGEMANN Mallory;USA;S7;;00:32.22
Swimming;SWAW19;London 2019 World Para Swimming Championships;London;World Championships;Women's 50 m Freestyle S8;Final 1;2019-09-13;1;14880;TAI Alice;GBR;S8;;00:29.55
Swimming;SWAW19;London 2019 World Para Swimming Championships;London;World Championships;Women's 50 m Freestyle S8;Final 1;2019-09-13;2;21394;JERONIMO DE ARAUJO Cecilia;BRA;S8;;00:30.45
Swimming;SWAW19;London 2019 World Para Swimming Championships;London;World Championships;Women's 50 m Freestyle S9;Final 1;2019-09-15;2;36467;PEREIRA VEIGA Susana;POR;S9;;00:29.17
Swimming;SWAW19;London 2019 World Para Swimming Championships;London;World Championships;Women's 50 m Freestyle S9;Final 1;2019-09-15;1;6388;PASCOE Sophie;NZL;S9;;00:27.77
Swimming;SWAW19;London 2019 World Para Swimming Championships;London;World Championships;Women's 50 m Freestyle S10;Final 1;2019-09-09;1;7807;RIVARD Aurelie;CAN;S10;;00:27.86
Swimming;SWAW19;London 2019 World Para Swimming Championships;London;World Championships;Women's 50 m Freestyle S10;Final 1;2019-09-09;2;22131;MULLOOLY Zara;GBR;S10;;00:28.22
Swimming;SWAW19;London 2019 World Para Swimming Championships;London;World Championships;Women's 50 m Freestyle S11;Final 1;2019-09-09;2;21984;BRUINSMA Liesette;NED;S11;;00:30.47
Swimming;SWAW19;London 2019 World Para Swimming Championships;London;World Championships;Women's 50 m Freestyle S11;Final 1;2019-09-09;1;17919;PIDDUBNA Maryna;UKR;S11;;00:30.34
Swimming;SWAW19;London 2019 World Para Swimming Championships;London;World Championships;Women's 50 m Freestyle S12;Final 1;2019-09-11;2;19606;KRIVSHINA Anna;RUS;S12;;00:27.42
Swimming;SWAW19;London 2019 World Para Swimming Championships;London;World Championships;Women's 50 m Freestyle S12;Final 1;2019-09-11;1;41237;GOMES SANTIAGO Maria Carolina;BRA;S12;;00:27.41
Swimming;SWAW19;London 2019 World Para Swimming Championships;London;World Championships;Women's 50 m Freestyle S13;Final 1;2019-09-15;1;33000;GILLI Carlotta;ITA;S13;;00:27.36
Swimming;SWAW19;London 2019 World Para Swimming Championships;London;World Championships;Women's 50 m Freestyle S13;Final 1;2019-09-15;2;14869;PIKALOVA Daria;RUS;S13;;00:27.67
Swimming;SWAW19;London 2019 World Para Swimming Championships;London;World Championships;Women's 150 m Individual Medley SM4;Final 1;2019-09-11;2;19809;VERBOVA Maryna;UKR;SM4;;03:00.85
Swimming;SWAW19;London 2019 World Para Swimming Championships;London;World Championships;Women's 150 m Individual Medley SM4;Final 1;2019-09-11;1;22575;SMITH Leanne Elizabeth;USA;SM3;;02:56.49
Swimming;SWAW19;London 2019 World Para Swimming Championships;London;World Championships;Women's 200 m Individual Medley SM5;Final 1;2019-09-12;2;4525;CHENG Jiao;CHN;SM5;;03:25.13
Swimming;SWAW19;London 2019 World Para Swimming Championships;London;World Championships;Women's 200 m Individual Medley SM5;Final 1;2019-09-12;1;10420;TALAMONA Arianna;ITA;SM5;;03:19.62
Swimming;SWAW19;London 2019 World Para Swimming Championships;London;World Championships;Women's 200 m Individual Medley SM6;Final 1;2019-09-11;2;19796;MERESHKO Yelyzaveta;UKR;SM6;;03:00.83
Swimming;SWAW19;London 2019 World Para Swimming Championships;London;World Championships;Women's 200 m Individual Medley SM6;Final 1;2019-09-11;1;26591;SUMMERS-NEWTON Maisie;GBR;SM6;;02:57.24
Swimming;SWAW19;London 2019 World Para Swimming Championships;London;World Championships;Women's 200 m Individual Medley SM7;Final 1;2019-09-13;1;29252;GAFFNEY Julia Kay Nadezhda;USA;SM7;;02:55.98
Swimming;SWAW19;London 2019 World Para Swimming Championships;London;World Championships;Women's 200 m Individual Medley SM7;Final 1;2019-09-13;2;7118;WEGGEMANN Mallory;USA;SM7;;02:56.00
Swimming;SWAW19;London 2019 World Para Swimming Championships;London;World Championships;Women's 200 m Individual Medley SM8;Final 1;2019-09-14;1;41153;WHISTON Brock;GBR;SM8;;02:35.30
Swimming;SWAW19;London 2019 World Para Swimming Championships;London;World Championships;Women's 200 m Individual Medley SM8;Final 1;2019-09-14;2;5097;LONG Jessica;USA;SM8;;02:40.26
Swimming;SWAW19;London 2019 World Para Swimming Championships;London;World Championships;Women's 200 m Individual Medley SM9;Final 1;2019-09-14;1;16211;MARQUES SOTO Nuria;ESP;SM9;;02:34.51
Swimming;SWAW19;London 2019 World Para Swimming Championships;London;World Championships;Women's 200 m Individual Medley SM9;Final 1;2019-09-14;2;5942;GASCON MORENO Sarai;ESP;SM9;;02:36.60
Swimming;SWAW19;London 2019 World Para Swimming Championships;London;World Championships;Women's 200 m Individual Medley SM10;Final 1;2019-09-10;2;19395;KRUGER Lisa;NED;SM10;;02:27.33
Swimming;SWAW19;London 2019 World Para Swimming Championships;London;World Championships;Women's 200 m Individual Medley SM10;Final 1;2019-09-10;1;14677;ZIJDERVELD Belinda Chantalle;NED;SM10;;02:27.00
Swimming;SWAW19;London 2019 World Para Swimming Championships;London;World Championships;Women's 200 m Individual Medley SM11;Final 1;2019-09-12;2;17919;PIDDUBNA Maryna;UKR;SM11;;02:49.04
Swimming;SWAW19;London 2019 World Para Swimming Championships;London;World Championships;Women's 200 m Individual Medley SM11;Final 1;2019-09-12;1;21984;BRUINSMA Liesette;NED;SM11;;02:46.49
Swimming;SWAW19;London 2019 World Para Swimming Championships;London;World Championships;Women's 200 m Individual Medley SM13;Final 1;2019-09-13;1;33000;GILLI Carlotta;ITA;SM13;;02:24.46
Swimming;SWAW19;London 2019 World Para Swimming Championships;London;World Championships;Women's 200 m Individual Medley SM13;Final 1;2019-09-13;2;18289;MEYERS Rebecca Anne;USA;SM12;;02:24.56
Swimming;SWAW19;London 2019 World Para Swimming Championships;London;World Championships;Women's 200 m Individual Medley SM14;Final 1;2019-09-14;2;15649;FIRTH Bethany;GBR;SM14;;02:23.04
Swimming;SWAW19;London 2019 World Para Swimming Championships;London;World Championships;Women's 200 m Individual Medley SM14;Final 1;2019-09-14;1;22610;SHABALINA Valeriia;RUS;SM14;;02:18.78